timestamp,posicion,fuente,precio,liquidez_usd,volumen_h24,fase,direccion
2026-10-06T23:11:29Z,sui,binance,1.1812,,,sin entrada,
2026-10-06T23:13:29Z,sui,binance,1.1808,,,sin entrada,
2026-10-06T23:15:29Z,sui,binance,1.1806,,,sin entrada,
2026-10-06T23:17:29Z,sui,binance,1.1801,,,sin entrada,
2026-10-06T23:19:29Z,sui,binance,1.1812,,,sin entrada,
2026-10-06T23:21:30Z,sui,binance,1.182,,,sin entrada,
2026-10-06T23:23:29Z,sui,binance,1.1827,,,sin entrada,
2026-10-06T23:25:29Z,sui,binance,1.1823,,,sin entrada,
2026-10-06T23:27:29Z,sui,binance,1.1827,,,sin entrada,
2026-10-06T23:29:30Z,sui,binance,1.1828,,,sin entrada,
2026-10-06T23:31:29Z,sui,binance,1.1817,,,sin entrada,
2026-10-06T23:33:30Z,sui,binance,1.179,,,sin entrada,
2026-10-06T23:35:29Z,sui,binance,1.1788,,,sin entrada,
2026-10-06T23:37:29Z,sui,binance,1.179,,,sin entrada,
2026-10-06T23:39:29Z,sui,binance,1.1788,,,sin entrada,
2026-10-06T23:41:30Z,sui,binance,1.1782,,,sin entrada,
2026-10-06T23:43:29Z,sui,binance,1.1774,,,sin entrada,
2026-10-06T23:45:29Z,sui,binance,1.1785,,,sin entrada,
2026-10-06T23:47:29Z,sui,binance,1.1792,,,sin entrada,
2026-10-06T23:49:30Z,sui,binance,1.1788,,,sin entrada,
2026-10-06T23:51:29Z,sui,binance,1.1791,,,sin entrada,
2026-10-06T23:53:29Z,sui,binance,1.1785,,,sin entrada,
2026-10-06T23:55:29Z,sui,binance,1.1794,,,sin entrada,
2026-10-06T23:57:29Z,sui,binance,1.1783,,,sin entrada,
2026-10-06T23:59:29Z,sui,binance,1.1781,,,sin entrada,
2026-10-07T00:01:29Z,sui,binance,1.1776,,,sin entrada,
2026-10-07T00:03:29Z,sui,binance,1.1734,,,sin entrada,
2026-10-07T00:05:29Z,sui,binance,1.1739,,,sin entrada,
2026-10-07T00:07:29Z,sui,binance,1.1742,,,sin entrada,
2026-10-07T00:09:29Z,sui,binance,1.175,,,sin entrada,
2026-10-07T00:11:29Z,sui,binance,1.1771,,,sin entrada,
